{
  "manifest.json": 1629254944954,
  "controller/Worklist.controller.js": 1629125630628,
  "model/models.js": 1629125630716,
  "model/formatter.js": 1629125630711,
  "i18n/i18n.properties": 1629125630660,
  "controller/Object.controller.js": 1629125630625,
  "controller/NotFound.controller.js": 1629125630622,
  "controller/ErrorHandler.js": 1629125630617,
  "controller/BaseController.js": 1629125630610,
  "controller/App.controller.js": 1629125630605,
  "Component.js": 1629125630596,
  "manifest-bundle.zip": 1629254945021,
  "Component-preload.js": 1629254946255,
  "controller/NotFound-dbg.controller.js": 1629125630622,
  "model/formatter-dbg.js": 1629125630711,
  "controller/Worklist-dbg.controller.js": 1629125630628,
  "controller/Object-dbg.controller.js": 1629125630625,
  "model/models-dbg.js": 1629125630716,
  "controller/ErrorHandler-dbg.js": 1629125630617,
  "controller/BaseController-dbg.js": 1629125630610,
  "controller/App-dbg.controller.js": 1629125630605,
  "Component-dbg.js": 1629125630596,
  "view/Worklist.view.xml": 1629126224167,
  "view/ObjectNotFound.view.xml": 1629125630879,
  "view/Object.view.xml": 1629126298064,
  "view/NotFound.view.xml": 1629125630862,
  "view/App.view.xml": 1629125630858,
  "test.html": 1629125630723,
  "index.html": 1629125630687
}